–ê–Ω—è –í–∏–∫—Ç–æ—Ä–æ–≤–∞,–°–æ–æ–Ω—É–Ω —É–Ω—É–Ω–æ—Ä–≥–æ –±–µ—Ä–µ–∫–µ,0,2023-04-09T16:12:05Z,hqqOwntjuoo
–ú–∏—Ä–ª–∞–Ω –¢–∞–≥–∞–µ–≤,–ë–∞–∫—Ç—ã–ª—É—É –±–æ–ª–≥—É–ª–∞ –ò–Ω—à–ê–ª–ª–∞—Ö –ë–∞–ª–∞ –º–æ—â–Ω—ã–π —ã—Ä–¥–∞–π—Ç —ç–∫–µ–Ω –∂—É–±–∞–π—ã–¥–∞ –ê—Ç–∞ —ç–Ω–µ–Ω –±–æ–ª—Å–æ –ê–ª—Ö–∞–º–¥—É–ª–∏–ª–ª–∞—Ö –±–∏—Ä–∏–Ω—á–∏ –æ—á—Ä–µ–¥–∫–æ,0,2023-03-18T04:14:08Z,hqqOwntjuoo
–ë–∞—Ä—á—ã–Ω–∞–π –ú–∞—Ä–∏–ø–∂–∞–Ω –∫—ã–∑—ã,–ê–∑–∑–∞–º–∞—Ç—Ç–∞—Ä –º—ã–Ω—á–∞ —Å–æ–Ω—É–Ω—Å—É–Ω–∞—Ä,0,2023-03-08T13:00:53Z,hqqOwntjuoo
–ß—ã–Ω–∞—Ä–∞ –ö–∞–ª—ã–∫–æ–≤–∞,–°–æ–Ω—É–Ω —É–π –±—É–ª–æ —ç–∫–µ–Ω.–ë–∞—Ä –±–æ–ª–≥—É–ª–∞.üëçüôè,0,2023-03-03T09:10:05Z,hqqOwntjuoo
Maksat Beysheev,–ö–∞–Ω–∞–ª–≥–∞ –∫–∞–Ω—Ç–∏–ø –ø–æ–¥–ø–∏—Å—á–∏–∫ —Ç–æ–ø—Ç–æ–¥—É–Ω—É–∑. –ú–æ–Ω–µ—Ç–∏–∑–∞—Ü–∏—è–Ω—ã –∫–æ—à—Ç—É–Ω–∞—Ä–±—ã ?,0,2023-02-27T14:06:21Z,hqqOwntjuoo
–®–∞–π–∏—Ä–≥—É–ª –ö–∞–ª—ã–∫–æ–≤–∞,–ú–æ–ª–æ–¥—Ü—ã –±–∞–∫—Ç—ã–ª—É—É —É–π –±—É–ª–æ —ç–∫–µ–Ω,0,2023-02-26T16:37:16Z,hqqOwntjuoo
–•–∞–¥–∏–∂–∞,–ê—Ç—ã–Ω–∞—Ä –∂–æ–∫,0,2023-02-25T19:47:32Z,hqqOwntjuoo
Bibigulsun Ashimova,–°–æ–Ω—É–Ω ! –ê–∑–∞–º–∞—Ç—Å—ã–Ω–∞—Ä!,0,2023-02-25T17:06:02Z,hqqOwntjuoo
–°—É–ª—Ç–∞–Ω –ó–∞–∫–∏—Ä–æ–≤,üëçüëçüëçüëçüëçüëç,0,2023-02-24T16:19:44Z,hqqOwntjuoo
—É–ª–∞–Ω—á–∏–∫,–ê–ª–∏–º–∞–∫–∞–Ω –µ–∂–µ —É–π –±—É–ª–æ–æ–Ω—É–∑ –∞–º–∞–Ω –µ—Å–µ–Ω –±–æ–ª—É–Ω—É–∑ –º–µ–Ω —Å–∏–∑–¥–∏ –∂–∞–∫—à—ã –∫–æ—Ä–æ–º,0,2023-02-24T13:21:12Z,hqqOwntjuoo
–ê—Å–µ–ª –ö–æ—á–∫–æ—Ä–æ–≤–∞,"–ú–æ–ª–æ–¥–µ—Ü,",0,2023-02-24T09:54:36Z,hqqOwntjuoo
Kitepcana Fhdryvf,–ê–∑–∞–º–∞—Ç—Ç–∞—Ä —Å–æ–Ω—É–Ω —ã—Ä–¥–∞–π—Ç —ç–∫–µ–Ω—Å–∏–Ω–µ—Ä.—Å–∏–∑–¥–µ—Ä–≥–µ –£–π –±—É–ª–æ–ª—É–∫ –ë–∞–∫—ã—Ç –∫–∞–∞–ª–∞–π–º—ã–Ω.,1,2023-02-24T08:20:55Z,hqqOwntjuoo
Jgx Vjhch,–ú–ê–î–£–ú–ê–†–û–í–¢–û–ù –£–†–£–ö–°–ê–¢ –ò–® –ö–´–õ–´–® –ö–ï–†–ï–ö –≠–ö–ï–ù–î–ê –≠. –ò–ß–ò–ù–ö–£–ô–ë–û–°–£–ù –¢–£–£–†–ê –ò–® –ö–´–õ–î–´. –ñ–£–ú–£–†–¢–ö–ê–î–ê–ù –ö–´–† –ò–ó–î–ï–ë–ï–ì–ò–õ–ï –¢–´–ù–ß –ñ–ê–®–ê–ô–õ–´ –´–ù–¢–´–ú–ê–ö–¢–ê–®–´–ü –ë–£ 5 –ö–£–ù–î–£–ö –û–ú–£–†–î–û. –ë–û–õ–î–£–≠–ú–ò –ß–£–ö–£–õ–ê–ù–ë–ê–ì–´–õ–ê.–¢–´–ù–ß–¢–´–ö –ë–û–õ–°–£–ù.,0,2023-02-24T01:59:28Z,hqqOwntjuoo
–®–∞–π—ã—Ä–≥—É–ª –ö–∞–Ω–∞—Ç–±–µ–∫ –∫—ã–∑—ã,–º—ã–Ω—á–∞ —Å–æ–æ–Ω—É–Ω,0,2023-02-23T09:40:36Z,hqqOwntjuoo
Kyrgyz Kyrgyzstan,üëçüëçüëçüëçüëèüëèüëè,0,2023-02-23T06:19:53Z,hqqOwntjuoo
–ê–π–Ω–∞—à –ë–µ–ª–µ–∫–æ–≤–∞,"–ú–∞—à –ê–ª–ª–∞—Ö,–ú–∞—à –ê–ª–ª–∞—Ö,–ú–∞—à –ê–ª–ª–∞—Ö
–£—à—É–Ω–¥–∞–π —É–π-–±—É–ª–æ–ª—É–∫ –ì–∞—Ä–º–æ–Ω–∏—è –∞—Ä –±–∏—Ä —É–π–¥–æ –±–æ–ª—É—à—É–Ω –ê–ª–ª–∞—Ö –±—É—é—Ä—Å—É–Ωüôèüôèüôè",0,2023-02-23T02:59:43Z,hqqOwntjuoo
–£–ª—É–∫–±–µ–∫ –†–∞—Ö–º–∞–Ω–æ–≤,–°–æ–Ω—É–Ω —ã—Ä–¥–∞–π—Ç —ç–∫–µ–Ω—Å–∏–Ω–µ—Ä,0,2023-02-21T19:43:13Z,hqqOwntjuoo
–ù—É—Ä–∫—ã–∑ –ö–∞–¥—ã—Ä–æ–≤–∞,–ú–∞–ª–∞–¥–µ—Å,0,2023-02-21T06:19:11Z,hqqOwntjuoo
–ì—É–ª–º–∏—Ä–∞ –•–æ–¥–∂–∞–µ–≤–∞,üòäüòäüëçüëç,0,2023-02-21T04:27:19Z,hqqOwntjuoo
–ù–∞—Ä—ã–Ω –¢—É—Ä–≥–∞–Ω–±–∞–µ–≤,–ë–∞–∫—Ç—ã–ª—É—É “Ø–π–±“Ø–ª”©”© –Ω–∞–º–∞–∑ –æ–∫—É–π—Ç –∞–ø–∞—Å—ã –±–∞—à—ã–Ω–∞ –æ—Ä–æ–º–æ–ª —Å–∞–ª—ã–Ω–∞—Ç ”©–ª“Ø—à—Ç“Ø –æ–π–ª–æ–≥—É–ª–∞,0,2023-02-21T04:00:08Z,hqqOwntjuoo
Redmi Mi,–æ—Ä–æ–Ω–≥—É–ª–∞ –∫–æ–Ω—Ñ–µ—Ç—Ç–µ—Ä —á—ã–º—ã–Ω –∫–æ–Ω–±–æ–π—Ç —á–∞–Ω –∂—É–∫–ø–∞–π—Ç –æ—à–æ–Ω–¥–æ —Å–∏–ª–µ—Ä–≥–µ,0,2023-02-10T22:16:49Z,kMqLNcojR8A
–ö–∞–π—Ä–∞—Ç–±–µ–∫ –ê–±–¥–∏—Å–∞–º–∞—Ç–æ–≤,–£–∞–π –∫–æ–ø–µ—Ü —Å–µ–ª—É—é –∞—É—É,0,2023-01-07T20:24:07Z,kMqLNcojR8A
–≠–Ω–µ –¢–∏–ª–µ–≥–∏,–´—Ä–∞—Ö–º–∞—Ç —Å–∞–¥–∞–≥–∞ –∫—ã—Ä–≥—ã–∑ –∂–∏–≥–∏—Ç—Ç–µ—Ä–∏ –º—ç—ç—Ä–∏–º–¥—É—É—É–∫ –ê–¥–∞–º –≥–µ—Ä—á–∏–ª–∏–∫ –∂–∞–≥—ã–Ω–∞–Ω –¥–∞ –±–∏—Ä–∏–Ω—á–∏ –æ–æ—Ä—É–Ω–¥–∞ –±–∞—Ä –ê–º–∞–Ω –±–æ–ª–≥—É–ª–∞ –ú–∞–Ω–∞—Å —É—Ä–ø–∞–∫—Ç–∞—Ä—ã,0,2023-01-01T18:56:29Z,kMqLNcojR8A
–ö—ã—è–ª–±–µ–∫ –ñ—ç—ç–Ω–±–µ–∫–æ–≤,–ö–∞—Ä—ã–Ω–¥–∞—à –æ–∑—É–Ω–æ—Ä —É—à—É–Ω—Ç–∏–º —á—ã–≥–∞—Å—ã–Ω–∞—Ä  –∞–Ω–∞–Ω –±–∞—à—Ç–∞–ª–∞—Ç,0,2022-12-31T18:03:43Z,kMqLNcojR8A
Dndb Jddhfh,–°–∏–∑–¥–µ–π –ø–∞—Ç—Ä–∏–æ—Ç –∫—ã–∑–¥–∞—Ä—ã–±—ã–∑ –∫”©–ø –±–æ–ª—Å—É–Ω –±–∏–∑ —Ä–∞–∞–∑—ã–±—ã–∑,0,2022-12-31T13:08:58Z,kMqLNcojR8A
Hx Vx,–û–∑—É–Ω –∞–∫—ã–ª–¥—É—É –±–æ–ª—Å–æ–Ω –±–∏—Ä–∏–Ω—á–∏ —Ç–æ–ª—É–∫ –ö—ã—Ä–≥—ã–∑—á–∞ —Å—É–π–ª–æ –∞–Ω–¥–∞–Ω –∫–∏–π–∏–Ω —Ç–æ—à—É–Ω–¥—É –ö–æ—Ä—Å—É–Ω –¥–µ–≥–µ–Ω–¥–µ–π –∫—ã–ª–±–∞–π –∂–∞–∫—à—ã–Ω–∞–∫–∞–π —ç–ª–µ —Ç—É—Ä—É–ø —Å—É–π–ª–æ–≥—É–Ω,0,2022-12-31T08:50:55Z,kMqLNcojR8A
–ù—É—Ä–≥—É–ª—å –ë–∞–π–º—É—Ä–∑–∞–µ–≤–∞,"–°–∏–Ω–¥–∏–º –∂–∞–∫—à—ã–Ω–∞–∫–∞–π —Å—É–ª—É—É —á–∞—á –¥–µ—Å–µ —á–∞—á–∏–Ω –±–∞—Ä —ç–∫–µ–Ω —Ç–∞—Ç—ã–Ω–∞–∫–∞–π –∫—ã–∑ —ç–∫–µ–Ω—Å–∏–Ω —Å–µ–Ω–∏ —Å—ã–π–ª–∞–±–∞–≥–∞–Ω–¥–∞ –∫–∏–º–¥–∏ —Å—ã–π–ª–∞–º–∞–∫ —ç–ª—ç –∫—ã—Ä–≥—ã–∑—ã–º–¥—ã–Ω –∂–∏–≥–∏—Ç—Ç–µ—Ä–∏, –±–∏—Ä–æ–∫ –∞–π—Ç–∞—Ä—ã–º –±–∞–∞—Ä—ã —ç–ª—ç —Ä–∞–∑–Ω—ã–π —ç–º–µ—Å .",0,2022-12-28T14:59:13Z,kMqLNcojR8A
–ê–º–∏–Ω–∞ –ú–∞–¥–µ–º–∏–ª–æ–≤–∞,"–∫–∞—á–æ–∫ —ç–º–µ—Å –±–∞—á–æ–∫ –±–æ–ª—Å–æ–Ω–¥–∞ —ç–º–Ω–µ —Ç–∞–Ω—Ç—ã–π—Å—ã–Ω,—ç—Ä–∫–µ–∫—Ç–µ—Ä–≥–µ –∫–∏—Ä–º–µ–∫ —Ç—É—Ä—Å—É–Ω,–±–∞—à—ã–Ω –º–µ–Ω–µ–Ω –∫–∏—Ä–∏–ø –∫–µ—Ç .
–ê–Ω—ã —ç–ª–≥–µ –∞–π—Ç–ø–∞–π —ç–ª–µ,–∫–∏—Ä–µ–±–µ—Ä –¥–∞.
–ë–æ–ª–æ–æ—Ä –±–æ–ª–±–æ—Å –Ω–µ–º–µ–Ω–∏ —é—Ç—É–ø–∫–∞ —á—ã–∫–ø–∞–π —ç–ª–µ.ü§¶ü§¶ü•µü•µüò°üò°üåö",0,2022-12-28T02:44:08Z,kMqLNcojR8A
–ê–º–∏–Ω–∞ –ú–∞–¥–µ–º–∏–ª–æ–≤–∞,"–¢–∞–Ω—Ç—ã–≥–∞–Ω —ç—à–µ–∫—Ç–µ—Ä –±–∞—Ä—á—ã –∞—Ä—ã —Ç–∞–Ω—Ç—ã–±–∞–π.
–ö–µ–ª–µ—Å–æ–æ —ç–∫–µ–Ω–∏–Ω–¥–∏ —ç–ª–≥–µ –∫–æ—Ä—É–Ω—É–ø —á—ã–≥—ã–ø –∞—Ç–∞—Å—ã–Ω–±—ã,,?",0,2022-12-28T02:38:18Z,kMqLNcojR8A
–ó—É–ª—å—Ñ–∏—è –ê–±–¥—É—Ä–∞–∑–∞–∫–æ–≤–∞,–ê–ª–¥–∞–±–∞—á—ã,0,2022-12-27T09:32:13Z,kMqLNcojR8A
Kutman Abdyldaev,"–ö–∞—Ä—ã–Ω–¥–∞—à—ã–º —ã–π–º–∞–Ω–¥—É—É –∫—ã–∑ –±–æ–ª, –∞–∫—ã–ª–¥—É—É –±–æ–ª –∞—Ä –¥–∞–π—ã–º —Ç—É—É—Ä–∞ –∂–æ–ª–¥–æ –∂—É—Ä.–ë–∏—Ä–æ–∫ –æ—Ä—É—Å—á–∞ —Å–æ–≥—É–Ω—É–ø —Å—É–π–ª–æ–≥–æ–Ω—É–Ω –æ—Ç–æ –∂–∞–º–∞–Ω —ç–∫–µ–Ω.",0,2022-12-26T19:16:06Z,kMqLNcojR8A
Rossia,–ú–∞–∫—Ç–∞—Å–∞–Ω —ç–ª–µ –∂–∞–≥–∞—Å—ã–Ω –±–∏–∑–≥–µüòÉüòÉ,0,2022-12-26T15:39:18Z,kMqLNcojR8A
–¢—ã–Ω—á—Ç—ã–∫–±–µ–∫ –†–∞—Å—É–ª–±–µ—Ä–¥–∏ —É—É–ª—É,–û–æ–±–∞ —Ç—É—É—Ä–∞ —Ä–∞–∞–∑—ã –±–æ–ª—Å–æ–Ω–æ—Ä –±–æ–ª–¥—É –∫–∞—Ä—ã–Ω–¥–∞—à—ã–º,1,2022-12-26T15:24:41Z,kMqLNcojR8A
–ë–∏–ª–∞–π–Ω –ì–æ–≤–æ—Ä–æ–≤–æ,–û–π–Ω–∞–Ω—ã–ø –∫–µ—Ç–µ–π–∏–Ω –µ—Ä–∫–µ—Ç–∞–π –∫–æ–∑—É,0,2022-12-26T13:02:52Z,kMqLNcojR8A
–†—ã—Å–±–µ–∫ –≠–º–∏–ª—å,"–ò–π –∂–∞–Ω—ã–º–≥–æ —Å–∏–ª–µ—Ä–¥–∏ —Å—ã–π–ª–∞–±–∞—Å–∞–∫ –∞–Ω–∞–Ω –∫–∏–º–¥–∏ —Å—ã–π–ª–∞–π–±—ã–∑ –∞—Ä –¥–∞–π—ã–º –±–∞—Ä –±–æ–ª–≥—É–ª–∞ —ç–Ω–µ–ª–µ—Ä,–∞–ø–∞–ª–∞—Ä,—ç–∂–µ –∫–∞—Ä—ã–Ω–¥–∞—à—Ç–∞—Ä—ã–º.
–ê–ª–≥–∞ –ö—ã—Ä–≥—ã–∑—Å—Ç–∞–Ω.",8,2022-12-26T12:02:30Z,kMqLNcojR8A
–£–ª–∞–Ω–±–µ–∫ –ú–∞–º–∞—Ç–æ–≤,üòòüòòüòòüòò,0,2022-12-26T11:00:07Z,kMqLNcojR8A
–ó–µ–±–∏ –ö—É–ª–º—É—Ä–∑–∞–µ–≤–∞,–ê—Å—Å–∞–ª–æ–º—É –∞–ª–µ–π–∫—É–º –∫–∞—Ä—ã–Ω–¥–∞—à –∂–∞—à –∫—ã–∑ —ç–∫–µ–Ω—Å–∏–Ω —Å”©–∑—É–Ω –±–∏—Ä–∞–∑ –æ“£–¥–æ–ø –∫–æ–π—á—É –±–∏–ª–∏–Ω –¥–µ–≥–µ–Ω —Å”©–∑—É–Ω—É  –∫—ã–∑–±–∞–ª –∞ –æ—à–æ–Ω–¥–æ–π–¥–∞ —Å—É–π–ª”©–π–±—É,0,2022-12-26T10:56:51Z,kMqLNcojR8A
StartSher,üëçüëçüëçüëçüëçüëç,0,2022-12-26T10:40:29Z,kMqLNcojR8A
Kyrgyzstan,"–ñ–∏–≥—Ç—Ç–µ—Ä –∂–∞–∫—à—ã –∞–π–∞–ª–¥—ã ,–∫—ã–∑–¥—ã —Å—ã–π–ª–∞—à–∞—Ç –±–∏—Ä–æ–∫ —Å—É–ª—É—É –∫—ã–∑ –ø—Ä–æ—Ñ–∏–ª–∏–Ω–¥–∏ –∞–ª—ã–ø –∫–æ–π , –ö—ã—Ä–≥—ã–∑–¥—ã–Ω –∫—ã–∑—ã–Ω–∞ —Ç—É—É—Ä–∞ –∫–µ–ª–±–µ–π—Ç.",1,2022-12-26T09:33:57Z,kMqLNcojR8A
–ë–∞–∑–∞—Ä–∫—É–ª –°–∞–º—É–¥–∏–Ω–æ–≤–Ω–∞,"–û–æ–±–∞ –±–∏–∑–¥–∏–Ω –∂–∞—à—ã–±—ã–∑  —ç–ª—É—É–¥–æ–Ω –æ—Ç—É–ø –∫–∞–ª–¥—ã. –ë–∏—Ä–æ–∫ –æ–∫—É–Ω—É—á—Ç—É—É—Å—É –¥–∞–π—ã–º–∞ —ç–ª–µ –∂–∞—à—Ç–∞—Ä –æ—Ä—É–Ω –±–æ—à–æ—Ç—É–ø –±–µ—Ä–µ –±–µ—Ä–∏—à–ø–µ–π—Ç. –ë–∞–ª–¥–∞—Ä —ç–º–µ—Å, –∂–∞—à –∫—ã–∑–¥–∞—Ä –¥–µ–ª–µ. –ú–µ–Ω –∞–∑—ã—Ä –†–æ—Å—Å–∏—è –º–∞–º–ª–µ–∫–µ—Ç–∏–Ω–¥–µ–º–∏–Ω. –ê–ª–∞—Ä–≥–∞ —Å–∞–ª—ã—à—Ç—ã—Ä–º–∞–ª—É—É, –±–∏–∑–¥–∏–Ω —ç–ª–∏–±–∏–∑, –∂–∞—à—Ç–∞—Ä—ã–±—ã–∑, —ã–π–º–∞–Ω–¥—É—É, –∞–ª–ª–∞–≥–∞ —à—É–≥—É—Ä. –ë–∏–∑–¥–∏–Ω —ç–ª–∏–±–∏–∑–¥–µ""—É–ª—É—É–ª–∞—Ä–¥—ã —Å—ã–π–ª–æ–æ ""–¥–µ–≥–µ–Ω —Ç–∞—Ä—Ç–∏–±–∏–±–∏–∑ –±–∞—Ä. –ë–∞–∞–ª—É—É —Å–∞–ª—Ç—Ç–∞—Ä—ã–±—ã–∑ –±–∞—Ä. –ê–ª-–ö—ã—Ä–≥—ã–∑ –º–∞–º–ª–µ–∫–µ—Ç–∏–Ω–∏–Ω –º–∞–¥–∞–Ω–∏—è—Ç—ã... —ç–≥–µ—Ä –∂–∏–≥–∏—Ç—Ç–µ—Ä –∫—ã–∑–¥–∞—Ä–≥–∞ –æ—Ä—É–Ω –±–µ—Ä—Å–µ, –∞–Ω–¥–∞ —ç–∂–µ –∞–ø–∞–ª–∞—Ä–¥—ã. —É–ª—É—É –∞–∫—Å–∞–∫–∞–ª–¥–∞—Ä–¥—ã –∞–Ω–¥–∞–Ω –¥–∞ –∂–∞–∫—à—ã —Å—ã–π–ª–∞—à–∞—Ç –¥–µ–≥–µ–Ω –æ–π–¥–æ–º—É–Ω. –´–π–º–∞–Ω–¥—É—É –±–æ–ª–≥—É–ª–∞ –∫—ã—Ä–≥—ã–∑ –∂–∞—à—Ç–∞—Ä—ã!!!.",12,2022-12-26T07:01:43Z,kMqLNcojR8A
